Id,YrSold,SaleCondition,Sale_Prediction
1461,2010,Normal,124132.0
1462,2010,Normal,143608.0
1463,2010,Normal,177804.0
1464,2010,Normal,189860.0
1465,2010,Normal,217988.0
1466,2010,Normal,169684.0
1467,2010,Normal,180012.0
1468,2010,Normal,164236.0
1469,2010,Normal,203620.0
1470,2010,Normal,111988.0
1471,2010,Normal,169652.0
1472,2010,Normal,98004.0
1473,2010,Normal,96756.0
1474,2010,Normal,147444.0
1475,2010,Normal,113932.0
1476,2010,Partial,372060.0
1477,2010,Partial,254244.0
1478,2010,Normal,316748.0
1479,2010,Normal,300220.0
1480,2010,Normal,465292.0
1481,2010,Normal,309404.0
1482,2010,Normal,219284.0
1483,2010,Normal,177012.0
1484,2010,Normal,166524.0
1485,2010,Normal,191348.0
1486,2010,Normal,195652.0
1487,2010,Normal,319716.0
1488,2010,Normal,237700.0
1489,2010,Partial,195508.0
1490,2010,Normal,261316.0
1491,2010,Normal,199532.0
1492,2010,Normal,105188.0
1493,2010,Abnorml,191868.0
1494,2010,Normal,293284.0
1495,2010,Normal,290212.0
1496,2010,Normal,237068.0
1497,2010,Normal,174676.0
1498,2010,Normal,159964.0
1499,2010,Normal,155300.0
1500,2010,Normal,149828.0
1501,2010,Normal,182020.0
1502,2010,Normal,149924.0
1503,2010,Partial,288660.0
1504,2010,Normal,244388.0
1505,2010,Normal,235636.0
1506,2010,Normal,183948.0
1507,2010,Normal,240716.0
1508,2010,Normal,192292.0
1509,2010,Normal,160124.0
1510,2010,Normal,145652.0
1511,2010,Normal,144708.0
1512,2010,Normal,174348.0
1513,2010,Family,159860.0
1514,2010,Abnorml,152180.0
1515,2010,Normal,206516.0
1516,2010,Normal,162132.0
1517,2010,Normal,176788.0
1518,2010,Normal,120100.0
1519,2010,Normal,210260.0
1520,2010,Normal,123628.0
1521,2010,Normal,132412.0
1522,2010,Normal,190780.0
1523,2010,Normal,103284.0
1524,2010,Normal,108204.0
1525,2010,Normal,120108.0
1526,2010,Abnorml,114740.0
1527,2010,Normal,103584.0
1528,2010,Normal,131804.0
1529,2010,Normal,158396.0
1530,2010,Normal,202100.0
1531,2010,Abnorml,125436.0
1532,2010,Normal,100580.0
1533,2010,Normal,136180.0
1534,2010,Normal,122256.0
1535,2010,Normal,161060.0
1536,2010,Normal,101716.0
1537,2010,Abnorml,52044.0
1538,2010,Abnorml,154532.0
1539,2010,Normal,194416.0
1540,2010,Abnorml,121536.0
1541,2010,Normal,126172.0
1542,2010,Normal,157052.0
1543,2010,Normal,175908.0
1544,2010,Normal,97780.0
1545,2010,Abnorml,132276.0
1546,2010,Normal,146932.0
1547,2010,Normal,153356.0
1548,2010,Normal,147108.0
1549,2010,Normal,117724.0
1550,2010,Normal,145140.0
1551,2010,Normal,115940.0
1552,2010,Normal,137524.0
1553,2010,Normal,145344.0
1554,2010,Normal,113548.0
1555,2010,Normal,173972.0
1556,2010,Normal,70452.0
1557,2010,Normal,114336.0
1558,2010,Normal,89836.0
1559,2010,Abnorml,84400.0
1560,2010,Normal,132048.0
1561,2010,Normal,85220.0
1562,2010,Normal,124828.0
1563,2010,Normal,117772.0
1564,2010,Normal,163764.0
1565,2010,Normal,148260.0
1566,2010,Normal,228980.0
1567,2010,Normal,84352.0
1568,2010,Normal,211292.0
1569,2010,Normal,114812.0
1570,2010,Normal,138196.0
1571,2010,Normal,97788.0
1572,2010,Normal,134596.0
1573,2010,Partial,236156.0
1574,2010,Normal,123644.0
1575,2010,Normal,240420.0
1576,2010,Normal,237908.0
1577,2010,Normal,183268.0
1578,2010,Normal,156176.0
1579,2010,Normal,137132.0
1580,2010,Normal,197572.0
1581,2010,Normal,153020.0
1582,2010,Normal,140340.0
1583,2010,Normal,262580.0
1584,2010,Normal,223268.0
1585,2010,Normal,138988.0
1586,2010,Normal,63504.0
1587,2010,Abnorml,118108.0
1588,2010,Normal,162148.0
1589,2010,Abnorml,98416.0
1590,2010,Normal,130404.0
1591,2010,Normal,79492.0
1592,2010,Normal,103628.0
1593,2010,Normal,122724.0
1594,2010,Normal,131724.0
1595,2010,Normal,108800.0
1596,2010,Normal,232988.0
1597,2010,Normal,201228.0
1598,2010,Normal,220372.0
1599,2010,Normal,188444.0
1600,2010,Normal,164084.0
1601,2010,Normal,56620.0
1602,2010,Normal,120324.0
1603,2010,Alloca,65280.0
1604,2010,Normal,273100.0
1605,2010,Normal,224980.0
1606,2010,Normal,157692.0
1607,2010,Normal,158388.0
1608,2010,Normal,204420.0
1609,2010,Partial,178964.0
1610,2010,Normal,155932.0
1611,2010,Normal,123380.0
1612,2010,Normal,183636.0
1613,2010,Normal,163380.0
1614,2010,Normal,136692.0
1615,2010,Normal,80772.0
1616,2010,Normal,64140.0
1617,2010,Normal,85492.0
1618,2010,Normal,125884.0
1619,2010,Normal,145564.0
1620,2010,Normal,147884.0
1621,2010,Normal,131948.0
1622,2010,Normal,143204.0
1623,2010,Normal,255580.0
1624,2010,Normal,207556.0
1625,2009,Normal,114836.0
1626,2009,Normal,170612.0
1627,2009,Normal,188908.0
1628,2009,Normal,276524.0
1629,2009,Normal,181108.0
1630,2009,Normal,332764.0
1631,2009,Normal,228756.0
1632,2009,Normal,238420.0
1633,2009,Normal,181004.0
1634,2009,Normal,185052.0
1635,2009,Normal,173300.0
1636,2009,Normal,154244.0
1637,2009,Normal,190284.0
1638,2009,Abnorml,196596.0
1639,2009,Normal,184596.0
1640,2009,Normal,241236.0
1641,2009,Normal,180452.0
1642,2009,Normal,251436.0
1643,2009,Normal,231444.0
1644,2009,Normal,234244.0
1645,2009,Normal,219844.0
1646,2009,Normal,155748.0
1647,2009,Normal,154244.0
1648,2009,Normal,124516.0
1649,2009,Normal,132908.0
1650,2009,Abnorml,118668.0
1651,2009,Normal,121084.0
1652,2009,Normal,99108.0
1653,2009,Normal,101188.0
1654,2009,Normal,150116.0
1655,2009,Normal,134596.0
1656,2009,Normal,137796.0
1657,2009,Normal,151028.0
1658,2009,Normal,146772.0
1659,2009,Normal,129012.0
1660,2009,Normal,150356.0
1661,2009,Normal,432300.0
1662,2009,Partial,367404.0
1663,2009,Normal,390652.0
1664,2009,Normal,475460.0
1665,2009,Normal,350444.0
1666,2009,Normal,336348.0
1667,2009,Family,372836.0
1668,2009,Normal,372348.0
1669,2009,Normal,323876.0
1670,2009,Normal,371124.0
1671,2009,Normal,278276.0
1672,2009,Normal,396492.0
1673,2009,Normal,293524.0
1674,2009,Normal,259204.0
1675,2009,Normal,215684.0
1676,2009,Normal,205500.0
1677,2009,Normal,223652.0
1678,2009,Abnorml,455724.0
1679,2009,Normal,380316.0
1680,2009,Partial,330612.0
1681,2009,Normal,296884.0
1682,2009,Normal,328220.0
1683,2009,Normal,204980.0
1684,2009,Normal,183844.0
1685,2009,Normal,178332.0
1686,2009,Normal,170076.0
1687,2009,Normal,171396.0
1688,2009,Normal,188756.0
1689,2009,Normal,195428.0
1690,2009,Normal,197172.0
1691,2009,Normal,185268.0
1692,2009,Normal,257796.0
1693,2009,Normal,184348.0
1694,2009,Normal,182092.0
1695,2009,Normal,176220.0
1696,2009,Normal,252036.0
1697,2009,Normal,181148.0
1698,2009,Normal,339052.0
1699,2009,Normal,298524.0
1700,2009,Normal,270420.0
1701,2009,Normal,282916.0
1702,2009,Normal,251908.0
1703,2009,Normal,246260.0
1704,2009,Normal,277588.0
1705,2009,Normal,259100.0
1706,2009,Normal,430588.0
1707,2009,Partial,230164.0
1708,2009,Normal,213876.0
1709,2009,Normal,257068.0
1710,2009,Normal,228084.0
1711,2009,Normal,272996.0
1712,2009,Partial,249204.0
1713,2009,Normal,288364.0
1714,2009,Normal,231556.0
1715,2009,Normal,213860.0
1716,2009,Normal,189412.0
1717,2009,Normal,180628.0
1718,2009,Normal,148884.0
1719,2009,Normal,224924.0
1720,2009,Normal,201724.0
1721,2009,Normal,180756.0
1722,2009,Normal,143636.0
1723,2009,Normal,172628.0
1724,2009,Partial,198420.0
1725,2009,Normal,230548.0
1726,2009,Normal,188404.0
1727,2009,Normal,137732.0
1728,2009,Normal,183492.0
1729,2009,Normal,169812.0
1730,2009,Normal,175508.0
1731,2009,Normal,116364.0
1732,2009,Normal,135604.0
1733,2009,Normal,116388.0
1734,2009,Family,119484.0
1735,2009,Normal,139164.0
1736,2009,Normal,114420.0
1737,2009,Normal,290636.0
1738,2009,Normal,261980.0
1739,2009,Normal,248716.0
1740,2009,Partial,203348.0
1741,2009,Normal,193492.0
1742,2009,Normal,170596.0
1743,2009,Normal,176884.0
1744,2009,Normal,339868.0
1745,2009,Normal,232300.0
1746,2009,Abnorml,226396.0
1747,2009,Normal,214252.0
1748,2009,Normal,225956.0
1749,2009,Normal,151940.0
1750,2009,Abnorml,144196.0
1751,2009,Normal,234228.0
1752,2009,Normal,107852.0
1753,2009,Normal,147060.0
1754,2009,Abnorml,200020.0
1755,2009,Normal,160948.0
1756,2009,Normal,130780.0
1757,2009,Normal,118316.0
1758,2009,Normal,147508.0
1759,2009,Normal,164276.0
1760,2009,Normal,156076.0
1761,2009,Abnorml,163268.0
1762,2009,Normal,179668.0
1763,2009,Normal,188108.0
1764,2009,Normal,106116.0
1765,2009,Normal,158644.0
1766,2009,Normal,187068.0
1767,2009,Normal,222556.0
1768,2009,Normal,144404.0
1769,2009,Normal,163364.0
1770,2009,Normal,152676.0
1771,2009,Abnorml,141196.0
1772,2009,Normal,136460.0
1773,2009,Family,121188.0
1774,2009,Normal,132140.0
1775,2009,Normal,136260.0
1776,2009,Normal,132964.0
1777,2009,Normal,103132.0
1778,2009,Normal,140932.0
1779,2009,Normal,117476.0
1780,2009,Normal,166588.0
1781,2009,Normal,126652.0
1782,2009,Normal,72340.0
1783,2009,Normal,130484.0
1784,2009,Normal,98176.0
1785,2009,Normal,143140.0
1786,2009,Normal,151756.0
1787,2009,Normal,157940.0
1788,2009,Normal,68800.0
1789,2009,Normal,100448.0
1790,2009,Normal,47348.0
1791,2009,Normal,198020.0
1792,2009,Normal,161780.0
1793,2009,Normal,130956.0
1794,2009,Normal,164340.0
1795,2009,Normal,129844.0
1796,2009,Normal,142644.0
1797,2009,Abnorml,136420.0
1798,2009,Normal,131380.0
1799,2009,Normal,110996.0
1800,2009,Normal,139052.0
1801,2009,Normal,125012.0
1802,2009,Abnorml,149748.0
1803,2009,Normal,155124.0
1804,2009,Normal,133348.0
1805,2009,Normal,140996.0
1806,2009,Normal,123760.0
1807,2009,Normal,150576.0
1808,2009,Normal,127472.0
1809,2009,Normal,120488.0
1810,2009,Normal,142116.0
1811,2009,Normal,132512.0
1812,2009,Normal,103888.0
1813,2009,Normal,121476.0
1814,2009,Normal,93840.0
1815,2009,Normal,42836.0
1816,2009,Normal,109660.0
1817,2009,Normal,109312.0
1818,2009,Normal,186564.0
1819,2009,Normal,149928.0
1820,2009,Normal,64856.0
1821,2009,Family,127852.0
1822,2009,Normal,141892.0
1823,2009,Abnorml,64336.0
1824,2009,Normal,148716.0
1825,2009,Normal,144552.0
1826,2009,Normal,114756.0
1827,2009,Abnorml,107428.0
1828,2009,Normal,135236.0
1829,2009,Normal,134516.0
1830,2009,Normal,135028.0
1831,2009,Normal,157472.0
1832,2009,Abnorml,24628.0
1833,2009,Normal,140220.0
1834,2009,Normal,104164.0
1835,2009,Normal,121360.0
1836,2009,Normal,128356.0
1837,2009,Abnorml,88864.0
1838,2009,Normal,116164.0
1839,2009,Normal,104980.0
1840,2009,Alloca,148148.0
1841,2009,Normal,132540.0
1842,2009,Normal,77220.0
1843,2009,Abnorml,134404.0
1844,2009,Normal,148772.0
1845,2009,Normal,153492.0
1846,2009,Normal,149060.0
1847,2009,Normal,179684.0
1848,2009,Normal,33736.0
1849,2009,Normal,117868.0
1850,2009,Normal,105548.0
1851,2009,Normal,137732.0
1852,2009,Normal,121396.0
1853,2009,Normal,105196.0
1854,2009,Normal,164132.0
1855,2009,Normal,159156.0
1856,2009,Normal,220772.0
1857,2009,Normal,137892.0
1858,2009,Alloca,161572.0
1859,2009,Alloca,115580.0
1860,2009,Alloca,152556.0
1861,2009,Alloca,119812.0
1862,2009,Normal,280028.0
1863,2009,Normal,278300.0
1864,2009,Normal,278316.0
1865,2009,Partial,351908.0
1866,2009,Normal,358724.0
1867,2009,Normal,220508.0
1868,2009,Normal,286756.0
1869,2009,Normal,209412.0
1870,2009,Normal,216364.0
1871,2009,Normal,259876.0
1872,2009,Normal,180548.0
1873,2009,Normal,217716.0
1874,2009,Normal,157556.0
1875,2009,Normal,195452.0
1876,2009,Normal,197356.0
1877,2009,Normal,211268.0
1878,2009,Family,209548.0
1879,2009,Normal,135668.0
1880,2009,Normal,144372.0
1881,2009,Normal,234884.0
1882,2009,Normal,238908.0
1883,2009,Normal,190932.0
1884,2009,Normal,200244.0
1885,2009,Normal,248924.0
1886,2009,Normal,284364.0
1887,2009,Normal,222412.0
1888,2009,Normal,259436.0
1889,2009,Normal,173588.0
1890,2009,Normal,111444.0
1891,2009,Normal,135908.0
1892,2009,Normal,99732.0
1893,2009,Normal,139636.0
1894,2009,Normal,113684.0
1895,2009,Normal,135804.0
1896,2009,Normal,129492.0
1897,2009,Abnorml,110468.0
1898,2009,Normal,101108.0
1899,2009,Normal,187508.0
1900,2009,Normal,167876.0
1901,2009,Normal,183412.0
1902,2009,Normal,178716.0
1903,2009,Normal,239804.0
1904,2009,Family,183588.0
1905,2009,Normal,205940.0
1906,2009,Normal,116348.0
1907,2009,Normal,224660.0
1908,2009,Normal,104796.0
1909,2009,Normal,135924.0
1910,2009,Normal,119220.0
1911,2009,Normal,233748.0
1912,2009,Normal,306268.0
1913,2009,Normal,158292.0
1914,2009,Normal,74312.0
1915,2009,Partial,321116.0
1916,2009,Normal,23376.0
1917,2009,Normal,216116.0
1918,2009,Normal,138948.0
1919,2009,Normal,164780.0
1920,2009,Abnorml,154420.0
1921,2009,Normal,378332.0
1922,2009,Normal,335124.0
1923,2009,Normal,228516.0
1924,2009,Normal,209036.0
1925,2009,Abnorml,212660.0
1926,2009,Normal,368356.0
1927,2009,Normal,132356.0
1928,2009,Normal,154652.0
1929,2009,Normal,125460.0
1930,2009,Normal,129396.0
1931,2009,Normal,132268.0
1932,2009,Normal,131748.0
1933,2009,Normal,192612.0
1934,2008,Normal,181812.0
1935,2008,Normal,169844.0
1936,2008,Normal,203444.0
1937,2008,Normal,173508.0
1938,2008,Normal,171252.0
1939,2008,Normal,259284.0
1940,2008,Normal,217692.0
1941,2008,Family,172460.0
1942,2008,Normal,171132.0
1943,2008,Normal,239476.0
1944,2008,Normal,376220.0
1945,2008,Normal,414476.0
1946,2008,Normal,151052.0
1947,2008,Normal,362108.0
1948,2008,Family,172764.0
1949,2008,Normal,237012.0
1950,2008,Normal,175908.0
1951,2008,Normal,229972.0
1952,2008,Normal,192308.0
1953,2008,Normal,164420.0
1954,2008,Normal,181396.0
1955,2008,Normal,126340.0
1956,2008,Normal,285700.0
1957,2008,Normal,147212.0
1958,2008,Normal,254460.0
1959,2008,Normal,135988.0
1960,2008,Normal,104372.0
1961,2008,Normal,113524.0
1962,2008,Normal,98084.0
1963,2008,Normal,109388.0
1964,2008,Normal,105572.0
1965,2008,Normal,144788.0
1966,2008,Normal,136180.0
1967,2008,Partial,293764.0
1968,2008,Normal,406556.0
1969,2008,Normal,403332.0
1970,2008,Abnorml,401004.0
1971,2008,Normal,444428.0
1972,2008,Normal,350252.0
1973,2008,Normal,310220.0
1974,2008,Normal,343724.0
1975,2008,Normal,484316.0
1976,2008,Normal,283228.0
1977,2008,Normal,355404.0
1978,2008,Normal,342716.0
1979,2008,Partial,315132.0
1980,2008,Normal,205604.0
1981,2008,Partial,343596.0
1982,2008,Normal,219604.0
1983,2008,Normal,204612.0
1984,2008,Normal,187908.0
1985,2008,Normal,234972.0
1986,2008,Normal,214452.0
1987,2008,Partial,199292.0
1988,2008,Normal,177764.0
1989,2008,Normal,193284.0
1990,2008,Normal,211108.0
1991,2008,Partial,227732.0
1992,2008,Normal,219348.0
1993,2008,Normal,176228.0
1994,2008,Normal,238636.0
1995,2008,Normal,183540.0
1996,2008,Normal,282228.0
1997,2008,Normal,331516.0
1998,2008,Normal,310668.0
1999,2008,Normal,307604.0
2000,2008,Normal,315164.0
2001,2008,Normal,282748.0
2002,2008,Normal,265572.0
2003,2008,Normal,248436.0
2004,2008,Partial,267772.0
2005,2008,Normal,252132.0
2006,2008,Partial,217892.0
2007,2008,Normal,251052.0
2008,2008,Partial,211652.0
2009,2008,Normal,194628.0
2010,2008,Normal,198924.0
2011,2008,Normal,156484.0
2012,2008,Normal,182732.0
2013,2008,Normal,176996.0
2014,2008,Normal,184580.0
2015,2008,Normal,199964.0
2016,2008,Normal,192308.0
2017,2008,Normal,192148.0
2018,2008,Normal,116260.0
2019,2008,Normal,142228.0
2020,2008,Normal,108612.0
2021,2008,Abnorml,107268.0
2022,2008,Normal,197476.0
2023,2008,Normal,136108.0
2024,2008,Normal,304260.0
2025,2008,Normal,347612.0
2026,2008,Normal,170804.0
2027,2008,Normal,155988.0
2028,2008,Abnorml,165860.0
2029,2008,Normal,164908.0
2030,2008,Normal,255860.0
2031,2008,Normal,236364.0
2032,2008,Normal,263012.0
2033,2008,Normal,254428.0
2034,2008,Normal,174788.0
2035,2008,Normal,229436.0
2036,2008,Normal,194100.0
2037,2008,Normal,198132.0
2038,2008,Normal,327644.0
2039,2008,Normal,217972.0
2040,2008,Family,303732.0
2041,2008,Normal,318116.0
2042,2008,Normal,221804.0
2043,2008,Normal,174756.0
2044,2008,Family,183620.0
2045,2008,Normal,196932.0
2046,2008,Normal,134236.0
2047,2008,Normal,150092.0
2048,2008,Normal,132244.0
2049,2008,Normal,133940.0
2050,2008,Normal,169812.0
2051,2008,Normal,112396.0
2052,2008,Abnorml,123108.0
2053,2008,Normal,142756.0
2054,2008,Normal,76772.0
2055,2008,Normal,165732.0
2056,2008,Normal,150756.0
2057,2008,Normal,111724.0
2058,2008,Normal,210020.0
2059,2008,Normal,133572.0
2060,2008,Normal,174372.0
2061,2008,Normal,182844.0
2062,2008,Normal,125140.0
2063,2008,Normal,111716.0
2064,2008,Normal,131924.0
2065,2008,Normal,119004.0
2066,2008,Normal,169332.0
2067,2008,Normal,117308.0
2068,2008,Normal,136316.0
2069,2008,Normal,83224.0
2070,2008,Normal,110928.0
2071,2008,Normal,88264.0
2072,2008,Normal,136948.0
2073,2008,Normal,139436.0
2074,2008,Normal,131116.0
2075,2008,Normal,158964.0
2076,2008,Abnorml,130660.0
2077,2008,Normal,158132.0
2078,2008,Normal,134852.0
2079,2008,Normal,134148.0
2080,2008,Normal,129564.0
2081,2008,Normal,123468.0
2082,2008,Abnorml,150240.0
2083,2008,Normal,148324.0
2084,2008,Normal,103252.0
2085,2008,Normal,114956.0
2086,2008,Abnorml,131444.0
2087,2008,Normal,116020.0
2088,2008,Normal,87380.0
2089,2008,Normal,71828.0
2090,2008,Normal,123708.0
2091,2008,Normal,90728.0
2092,2008,Normal,119372.0
2093,2008,Normal,149180.0
2094,2008,Normal,122832.0
2095,2008,Normal,131220.0
2096,2008,Normal,91812.0
2097,2008,Normal,98272.0
2098,2008,Normal,148036.0
2099,2008,Abnorml,39364.0
2100,2008,Abnorml,61800.0
2101,2008,Normal,100100.0
2102,2008,Normal,136788.0
2103,2008,Normal,92080.0
2104,2008,Normal,148212.0
2105,2008,Normal,135264.0
2106,2008,Normal,24228.0
2107,2008,Normal,194052.0
2108,2008,Normal,112864.0
2109,2008,Normal,102948.0
2110,2008,Normal,107356.0
2111,2008,Abnorml,148068.0
2112,2008,Normal,139412.0
2113,2008,Normal,131620.0
2114,2008,Normal,127596.0
2115,2008,Normal,161932.0
2116,2008,Normal,118700.0
2117,2008,Normal,141268.0
2118,2008,Normal,118620.0
2119,2008,Normal,121532.0
2120,2008,Normal,125972.0
2121,2008,Abnorml,112740.0
2122,2008,Normal,115388.0
2123,2008,Normal,94060.0
2124,2008,Normal,180268.0
2125,2008,Normal,132356.0
2126,2008,Normal,150740.0
2127,2008,Normal,175972.0
2128,2008,Normal,142780.0
2129,2008,Normal,84496.0
2130,2008,Abnorml,144292.0
2131,2008,Normal,145492.0
2132,2008,Normal,98596.0
2133,2008,Normal,125292.0
2134,2008,Family,128116.0
2135,2008,Family,110352.0
2136,2008,Normal,46520.0
2137,2008,Abnorml,121812.0
2138,2008,Abnorml,144284.0
2139,2008,Normal,145252.0
2140,2008,Normal,142852.0
2141,2008,Normal,172044.0
2142,2008,Normal,128996.0
2143,2008,Normal,134708.0
2144,2008,Alloca,133580.0
2145,2008,Normal,147796.0
2146,2008,Normal,187156.0
2147,2008,Abnorml,135532.0
2148,2008,Normal,139120.0
2149,2008,Normal,148164.0
2150,2008,Normal,220964.0
2151,2008,Normal,129396.0
2152,2008,Normal,168052.0
2153,2008,Normal,186012.0
2154,2008,Normal,100596.0
2155,2008,Normal,141036.0
2156,2008,Normal,257836.0
2157,2008,Normal,226612.0
2158,2008,Normal,234196.0
2159,2008,Normal,224828.0
2160,2008,Partial,178932.0
2161,2008,Normal,230732.0
2162,2008,Abnorml,364740.0
2163,2008,Partial,348924.0
2164,2008,Normal,241004.0
2165,2008,Normal,176372.0
2166,2008,Normal,161620.0
2167,2008,Normal,230268.0
2168,2008,Normal,192388.0
2169,2008,Normal,196044.0
2170,2008,Normal,209588.0
2171,2008,Normal,166404.0
2172,2008,Abnorml,147812.0
2173,2008,Normal,168188.0
2174,2008,Normal,221076.0
2175,2008,Normal,257420.0
2176,2008,Normal,294140.0
2177,2008,Normal,232980.0
2178,2008,Normal,211116.0
2179,2008,Normal,136508.0
2180,2008,Abnorml,233524.0
2181,2008,Normal,196388.0
2182,2008,Normal,214692.0
2183,2008,Normal,191756.0
2184,2008,Abnorml,127108.0
2185,2008,Family,141804.0
2186,2008,Normal,150228.0
2187,2008,Normal,142580.0
2188,2008,Normal,148820.0
2189,2008,Normal,326044.0
2190,2008,AdjLand,74860.0
2191,2008,Normal,54096.0
2192,2008,Normal,81044.0
2193,2008,Family,120256.0
2194,2008,Normal,102012.0
2195,2008,Normal,77744.0
2196,2008,Abnorml,108004.0
2197,2008,Normal,108808.0
2198,2008,Normal,143132.0
2199,2008,Abnorml,176044.0
2200,2008,Normal,149708.0
2201,2008,Normal,157980.0
2202,2008,Normal,215452.0
2203,2008,Normal,159044.0
2204,2008,Normal,184364.0
2205,2008,Normal,143604.0
2206,2008,Normal,158292.0
2207,2008,Alloca,233252.0
2208,2008,Normal,247636.0
2209,2008,Normal,247612.0
2210,2008,Normal,110348.0
2211,2008,Normal,121988.0
2212,2008,Normal,124804.0
2213,2008,Normal,105236.0
2214,2008,Normal,152060.0
2215,2008,Normal,101316.0
2216,2008,Normal,141524.0
2217,2008,Abnorml,33044.0
2218,2008,Normal,87036.0
2219,2008,Normal,79596.0
2220,2008,Normal,19940.0
2221,2008,Partial,320916.0
2222,2008,Normal,287676.0
2223,2008,Normal,261004.0
2224,2008,Normal,203164.0
2225,2008,Abnorml,122596.0
2226,2008,Normal,185396.0
2227,2008,Normal,191380.0
2228,2008,Normal,279580.0
2229,2008,Partial,231484.0
2230,2008,Normal,157388.0
2231,2008,Partial,202588.0
2232,2008,Normal,181332.0
2233,2008,Normal,186388.0
2234,2008,Normal,245500.0
2235,2008,Normal,234052.0
2236,2008,Normal,249884.0
2237,2008,Normal,295308.0
2238,2008,Alloca,203420.0
2239,2008,Abnorml,124628.0
2240,2008,Normal,153116.0
2241,2008,Normal,145684.0
2242,2008,Normal,126068.0
2243,2008,Normal,129236.0
2244,2008,Normal,101044.0
2245,2008,Normal,108476.0
2246,2008,Normal,142748.0
2247,2008,Normal,112716.0
2248,2008,Normal,127844.0
2249,2008,Normal,121412.0
2250,2008,Normal,131988.0
2251,2008,Normal,97180.0
2252,2007,Normal,183988.0
2253,2007,Normal,167524.0
2254,2007,Normal,176372.0
2255,2007,Abnorml,194380.0
2256,2007,Normal,173124.0
2257,2007,Normal,207692.0
2258,2007,Normal,155396.0
2259,2007,Normal,168412.0
2260,2007,Alloca,128452.0
2261,2007,Normal,219476.0
2262,2007,Normal,239452.0
2263,2007,Normal,375460.0
2264,2007,Partial,432548.0
2265,2007,Normal,193640.0
2266,2007,Normal,322948.0
2267,2007,Normal,377892.0
2268,2007,Partial,426444.0
2269,2007,Abnorml,145492.0
2270,2007,Normal,181652.0
2271,2007,Normal,205412.0
2272,2007,Normal,200300.0
2273,2007,Normal,156708.0
2274,2007,Normal,173476.0
2275,2007,Normal,150036.0
2276,2007,Normal,185596.0
2277,2007,Normal,186660.0
2278,2007,Normal,155172.0
2279,2007,Normal,128244.0
2280,2007,Normal,114780.0
2281,2007,Normal,145292.0
2282,2007,Normal,157844.0
2283,2007,Normal,113252.0
2284,2007,Normal,132028.0
2285,2007,Normal,139060.0
2286,2007,Normal,118068.0
2287,2007,Partial,392420.0
2288,2007,Partial,277468.0
2289,2007,Partial,331948.0
2290,2007,Partial,413460.0
2291,2007,Partial,338636.0
2292,2007,Normal,426092.0
2293,2007,Partial,447716.0
2294,2007,Normal,376140.0
2295,2007,Partial,414036.0
2296,2007,Partial,268580.0
2297,2007,Partial,383196.0
2298,2007,Normal,377836.0
2299,2007,Normal,350428.0
2300,2007,Normal,324396.0
2301,2007,Partial,318548.0
2302,2007,Normal,267436.0
2303,2007,Normal,252948.0
2304,2007,Partial,247140.0
2305,2007,Partial,203572.0
2306,2007,Normal,206140.0
2307,2007,Normal,216220.0
2308,2007,Normal,219324.0
2309,2007,Normal,314836.0
2310,2007,Partial,203124.0
2311,2007,Normal,223060.0
2312,2007,Partial,174516.0
2313,2007,Normal,174500.0
2314,2007,Partial,173684.0
2315,2007,Partial,174772.0
2316,2007,Partial,193172.0
2317,2007,Normal,192028.0
2318,2007,Partial,173124.0
2319,2007,Partial,176836.0
2320,2007,Partial,177940.0
2321,2007,Normal,243612.0
2322,2007,Partial,198204.0
2323,2007,Normal,196980.0
2324,2007,Family,189844.0
2325,2007,Partial,200476.0
2326,2007,Normal,184228.0
2327,2007,Normal,202052.0
2328,2007,Normal,219892.0
2329,2007,Normal,187604.0
2330,2007,Normal,179660.0
2331,2007,Normal,327596.0
2332,2007,Normal,384508.0
2333,2007,Normal,320260.0
2334,2007,Normal,278820.0
2335,2007,Normal,303332.0
2336,2007,Normal,317348.0
2337,2007,Partial,211716.0
2338,2007,Partial,258420.0
2339,2007,Family,234436.0
2340,2007,Partial,370708.0
2341,2007,Partial,223012.0
2342,2007,Normal,242876.0
2343,2007,Normal,237572.0
2344,2007,Family,234484.0
2345,2007,Normal,232004.0
2346,2007,Partial,214068.0
2347,2007,Partial,206324.0
2348,2007,Partial,238724.0
2349,2007,Partial,192036.0
2350,2007,Partial,293420.0
2351,2007,Partial,279556.0
2352,2007,Normal,245724.0
2353,2007,Normal,258532.0
2354,2007,Partial,148340.0
2355,2007,Normal,158740.0
2356,2007,Normal,169828.0
2357,2007,Normal,194020.0
2358,2007,Normal,191996.0
2359,2007,Normal,118740.0
2360,2007,Normal,109892.0
2361,2007,Normal,144884.0
2362,2007,Normal,244516.0
2363,2007,Normal,156564.0
2364,2007,Abnorml,169356.0
2365,2007,Normal,213636.0
2366,2007,Partial,179188.0
2367,2007,Partial,200660.0
2368,2007,Partial,218196.0
2369,2007,Partial,197268.0
2370,2007,Normal,164044.0
2371,2007,Normal,158580.0
2372,2007,Normal,192788.0
2373,2007,Normal,278772.0
2374,2007,Normal,306820.0
2375,2007,Normal,238836.0
2376,2007,Normal,286884.0
2377,2007,Normal,329316.0
2378,2007,Normal,145996.0
2379,2007,Normal,221284.0
2380,2007,Normal,151268.0
2381,2007,Normal,166476.0
2382,2007,Normal,205172.0
2383,2007,Normal,188900.0
2384,2007,Normal,223540.0
2385,2007,Normal,159412.0
2386,2007,Normal,129332.0
2387,2007,Normal,131748.0
2388,2007,Normal,101924.0
2389,2007,Normal,117388.0
2390,2007,Normal,137540.0
2391,2007,Normal,135236.0
2392,2007,Normal,101604.0
2393,2007,Normal,160860.0
2394,2007,Normal,134700.0
2395,2007,Normal,205820.0
2396,2007,Normal,142740.0
2397,2007,Normal,214788.0
2398,2007,Normal,132116.0
2399,2007,Normal,61488.0
2400,2007,Normal,61840.0
2401,2007,Normal,132504.0
2402,2007,Normal,132620.0
2403,2007,Normal,130596.0
2404,2007,Normal,146676.0
2405,2007,Normal,144244.0
2406,2007,Normal,136892.0
2407,2007,Normal,118884.0
2408,2007,Normal,146484.0
2409,2007,Normal,108404.0
2410,2007,Normal,192372.0
2411,2007,Normal,109532.0
2412,2007,Normal,163284.0
2413,2007,Normal,120996.0
2414,2007,Normal,169804.0
2415,2007,Normal,121332.0
2416,2007,Normal,131232.0
2417,2007,Normal,125284.0
2418,2007,Normal,126180.0
2419,2007,Normal,113252.0
2420,2007,Normal,124828.0
2421,2007,Normal,166188.0
2422,2007,Normal,107620.0
2423,2007,Normal,115280.0
2424,2007,Normal,148564.0
2425,2007,Family,200564.0
2426,2007,Abnorml,120108.0
2427,2007,Normal,123560.0
2428,2007,Normal,175268.0
2429,2007,Abnorml,108388.0
2430,2007,Normal,136820.0
2431,2007,Normal,101236.0
2432,2007,Normal,151972.0
2433,2007,Normal,161316.0
2434,2007,Family,149796.0
2435,2007,Normal,171140.0
2436,2007,Normal,129404.0
2437,2007,Normal,98172.0
2438,2007,Normal,118052.0
2439,2007,Normal,92996.0
2440,2007,Normal,121108.0
2441,2007,Normal,103124.0
2442,2007,Normal,97888.0
2443,2007,Normal,137956.0
2444,2007,Normal,118340.0
2445,2007,Normal,80500.0
2446,2007,Normal,134424.0
2447,2007,Normal,175284.0
2448,2007,Abnorml,136916.0
2449,2007,Normal,104924.0
2450,2007,Normal,150912.0
2451,2007,Partial,110884.0
2452,2007,Normal,192624.0
2453,2007,Normal,96212.0
2454,2007,Normal,117044.0
2455,2007,Normal,109724.0
2456,2007,Normal,157428.0
2457,2007,Normal,131292.0
2458,2007,Normal,139852.0
2459,2007,Normal,129348.0
2460,2007,Normal,145964.0
2461,2007,Normal,138380.0
2462,2007,Normal,130260.0
2463,2007,Normal,129284.0
2464,2007,Normal,169756.0
2465,2007,Normal,128868.0
2466,2007,Family,121988.0
2467,2007,Normal,129660.0
2468,2007,AdjLand,78340.0
2469,2007,AdjLand,79024.0
2470,2007,Normal,204788.0
2471,2007,Normal,216980.0
2472,2007,Normal,168600.0
2473,2007,Abnorml,127924.0
2474,2007,Abnorml,83356.0
2475,2007,Normal,201636.0
2476,2007,Normal,103748.0
2477,2007,Normal,128212.0
2478,2007,Normal,147996.0
2479,2007,Normal,111488.0
2480,2007,Normal,151012.0
2481,2007,Normal,121508.0
2482,2007,Normal,125836.0
2483,2007,Normal,107252.0
2484,2007,Normal,121604.0
2485,2007,Normal,126724.0
2486,2007,Normal,145884.0
2487,2007,Normal,191188.0
2488,2007,Normal,163092.0
2489,2007,Normal,160260.0
2490,2007,Normal,141972.0
2491,2007,Normal,113724.0
2492,2007,Normal,177060.0
2493,2007,Normal,154036.0
2494,2007,Normal,147836.0
2495,2007,Normal,92456.0
2496,2007,Normal,226668.0
2497,2007,Normal,151556.0
2498,2007,Normal,108660.0
2499,2007,Normal,86016.0
2500,2007,Normal,97860.0
2501,2007,Normal,143244.0
2502,2007,Normal,150900.0
2503,2007,Normal,93268.0
2504,2007,Normal,217196.0
2505,2007,Normal,219012.0
2506,2007,Partial,235068.0
2507,2007,Partial,240012.0
2508,2007,Partial,235396.0
2509,2007,Normal,211388.0
2510,2007,Normal,208532.0
2511,2007,Normal,181252.0
2512,2007,Normal,219612.0
2513,2007,Normal,210860.0
2514,2007,Normal,332564.0
2515,2007,Normal,152676.0
2516,2007,Normal,174196.0
2517,2007,Normal,155100.0
2518,2007,Normal,147844.0
2519,2007,Normal,232796.0
2520,2007,Normal,209340.0
2521,2007,Normal,190548.0
2522,2007,Normal,218068.0
2523,2007,Family,122244.0
2524,2007,Normal,142660.0
2525,2007,Normal,148020.0
2526,2007,Normal,136212.0
2527,2007,Normal,120484.0
2528,2007,Normal,131188.0
2529,2007,Normal,4203122364566036.0
2530,2007,Normal,136756.0
2531,2007,Normal,261884.0
2532,2007,Normal,220388.0
2533,2007,Normal,195284.0
2534,2007,Normal,236396.0
2535,2007,Normal,269532.0
2536,2007,Normal,229204.0
2537,2007,Normal,235692.0
2538,2007,Partial,180388.0
2539,2007,Normal,193364.0
2540,2007,Partial,180596.0
2541,2007,Normal,184564.0
2542,2007,Normal,168860.0
2543,2007,Abnorml,128820.0
2544,2007,Normal,112132.0
2545,2007,Normal,138224.0
2546,2007,Normal,117500.0
2547,2007,Normal,140276.0
2548,2007,Normal,159100.0
2549,2007,Normal,147028.0
2550,2007,Partial,594460.0
2551,2007,Normal,142148.0
2552,2007,Normal,105500.0
2553,2007,Normal,54288.0
2554,2007,Abnorml,86588.0
2555,2007,Normal,88980.0
2556,2007,Normal,90996.0
2557,2007,Family,105728.0
2558,2007,AdjLand,169164.0
2559,2007,Normal,163236.0
2560,2007,Normal,166596.0
2561,2007,Normal,158244.0
2562,2007,Normal,162932.0
2563,2007,Normal,168304.0
2564,2007,Normal,204236.0
2565,2007,Normal,169644.0
2566,2007,Normal,176356.0
2567,2007,Normal,151540.0
2568,2007,Normal,212100.0
2569,2007,Normal,217132.0
2570,2007,Normal,115364.0
2571,2007,Normal,196772.0
2572,2007,Normal,148708.0
2573,2007,Normal,215972.0
2574,2007,Normal,295676.0
2575,2007,Normal,134404.0
2576,2007,Normal,159000.0
2577,2007,Alloca,147092.0
2578,2007,Normal,103124.0
2579,2007,Normal,29076.0
2580,2007,Normal,115800.0
2581,2007,Abnorml,140004.0
2582,2007,Normal,130836.0
2583,2007,Partial,258756.0
2584,2007,Normal,153932.0
2585,2007,Normal,180564.0
2586,2007,Normal,208772.0
2587,2007,Normal,191108.0
2588,2007,Normal,141044.0
2589,2007,Normal,148004.0
2590,2007,Normal,196476.0
2591,2007,Normal,239676.0
2592,2007,Partial,208292.0
2593,2007,Partial,247980.0
2594,2007,Normal,176356.0
2595,2007,Normal,210700.0
2596,2007,Normal,269068.0
2597,2007,Normal,201084.0
2598,2007,Normal,275420.0
2599,2007,Partial,349484.0
2600,2007,Normal,225584.0
2601,2007,Normal,131268.0
2602,2007,Normal,66084.0
2603,2007,Normal,82756.0
2604,2007,Normal,80300.0
2605,2007,Normal,62884.0
2606,2007,Normal,132844.0
2607,2007,Normal,202372.0
2608,2007,Normal,191132.0
2609,2007,Normal,160148.0
2610,2007,Normal,112236.0
2611,2007,Abnorml,153812.0
2612,2007,Normal,155300.0
2613,2007,Normal,126964.0
2614,2007,Normal,118404.0
2615,2006,Normal,144900.0
2616,2006,Normal,157540.0
2617,2006,Normal,194436.0
2618,2006,Abnorml,228756.0
2619,2006,Normal,198612.0
2620,2006,Normal,181924.0
2621,2006,Normal,169204.0
2622,2006,Normal,177004.0
2623,2006,Normal,224212.0
2624,2006,Partial,250828.0
2625,2006,Normal,277588.0
2626,2006,Normal,173068.0
2627,2006,Normal,189284.0
2628,2006,Partial,427276.0
2629,2006,Partial,462668.0
2630,2006,Partial,364036.0
2631,2006,Partial,442156.0
2632,2006,Partial,387772.0
2633,2006,Normal,314508.0
2634,2006,Normal,438868.0
2635,2006,Normal,152132.0
2636,2006,Normal,167580.0
2637,2006,Normal,205796.0
2638,2006,Partial,265764.0
2639,2006,Normal,175476.0
2640,2006,Normal,149452.0
2641,2006,Normal,92228.0
2642,2006,Normal,157364.0
2643,2006,Normal,113044.0
2644,2006,Normal,124868.0
2645,2006,Normal,112908.0
2646,2006,Normal,93684.0
2647,2006,Normal,104220.0
2648,2006,Normal,148276.0
2649,2006,Normal,156756.0
2650,2006,Normal,130228.0
2651,2006,Normal,131668.0
2652,2006,Partial,373412.0
2653,2006,Normal,257228.0
2654,2006,Partial,271508.0
2655,2006,Normal,412948.0
2656,2006,Partial,318892.0
2657,2006,Partial,367212.0
2658,2006,Partial,308004.0
2659,2006,Partial,325876.0
2660,2006,Partial,343516.0
2661,2006,Partial,365252.0
2662,2006,Normal,392892.0
2663,2006,Normal,280564.0
2664,2006,Normal,305684.0
2665,2006,Partial,314956.0
2666,2006,Partial,292436.0
2667,2006,Partial,174228.0
2668,2006,Partial,179796.0
2669,2006,Partial,177580.0
2670,2006,Partial,251036.0
2671,2006,Partial,180420.0
2672,2006,Partial,188268.0
2673,2006,Normal,201484.0
2674,2006,Normal,204404.0
2675,2006,Partial,179084.0
2676,2006,Normal,191524.0
2677,2006,Normal,202236.0
2678,2006,Partial,231188.0
2679,2006,Normal,278420.0
2680,2006,Normal,290796.0
2681,2006,Normal,395372.0
2682,2006,Normal,317892.0
2683,2006,Normal,449308.0
2684,2006,Normal,321604.0
2685,2006,Normal,314452.0
2686,2006,Partial,234948.0
2687,2006,Partial,290852.0
2688,2006,Partial,221556.0
2689,2006,Partial,206516.0
2690,2006,Partial,371212.0
2691,2006,Normal,202452.0
2692,2006,Normal,151484.0
2693,2006,Partial,193468.0
2694,2006,Partial,151764.0
2695,2006,Normal,194836.0
2696,2006,Normal,185172.0
2697,2006,Normal,181316.0
2698,2006,Family,200964.0
2699,2006,Normal,156212.0
2700,2006,Normal,135700.0
2701,2006,Normal,160116.0
2702,2006,Normal,112020.0
2703,2006,Normal,148340.0
2704,2006,Normal,136212.0
2705,2006,Normal,114404.0
2706,2006,Normal,108724.0
2707,2006,Normal,123708.0
2708,2006,Normal,126276.0
2709,2006,Normal,112668.0
2710,2006,Normal,137700.0
2711,2006,Normal,325748.0
2712,2006,Normal,385532.0
2713,2006,Normal,170804.0
2714,2006,Normal,147028.0
2715,2006,Normal,165252.0
2716,2006,Normal,145524.0
2717,2006,Normal,202204.0
2718,2006,Normal,218196.0
2719,2006,Normal,144844.0
2720,2006,Normal,177060.0
2721,2006,Normal,134884.0
2722,2006,Normal,162180.0
2723,2006,Abnorml,151180.0
2724,2006,Normal,137476.0
2725,2006,Normal,125076.0
2726,2006,Normal,135844.0
2727,2006,Abnorml,194044.0
2728,2006,Normal,166948.0
2729,2006,Normal,140036.0
2730,2006,Normal,141668.0
2731,2006,Normal,129748.0
2732,2006,Normal,139772.0
2733,2006,Normal,150820.0
2734,2006,Partial,147460.0
2735,2006,Normal,137796.0
2736,2006,Normal,130468.0
2737,2006,Normal,113684.0
2738,2006,Normal,118356.0
2739,2006,Normal,152868.0
2740,2006,Normal,133556.0
2741,2006,Normal,160732.0
2742,2006,Normal,160924.0
2743,2006,Normal,151140.0
2744,2006,Normal,162340.0
2745,2006,Abnorml,148372.0
2746,2006,Normal,125004.0
2747,2006,Normal,158692.0
2748,2006,Normal,124564.0
2749,2006,Normal,132364.0
2750,2006,Normal,103516.0
2751,2006,Normal,126700.0
2752,2006,Abnorml,214916.0
2753,2006,Normal,131780.0
2754,2006,Normal,215272.0
2755,2006,Normal,132844.0
2756,2006,Normal,84668.0
2757,2006,Normal,69024.0
2758,2006,Normal,62068.0
2759,2006,Normal,150028.0
2760,2006,Abnorml,122692.0
2761,2006,Normal,136612.0
2762,2006,Normal,134396.0
2763,2006,Normal,193164.0
2764,2006,Normal,156340.0
2765,2006,Normal,267220.0
2766,2006,Normal,99308.0
2767,2006,Normal,78260.0
2768,2006,Normal,114532.0
2769,2006,Normal,144164.0
2770,2006,Normal,152148.0
2771,2006,Normal,109324.0
2772,2006,Normal,118996.0
2773,2006,Normal,149836.0
2774,2006,Normal,139700.0
2775,2006,Normal,114364.0
2776,2006,Normal,137380.0
2777,2006,Normal,137620.0
2778,2006,Normal,119040.0
2779,2006,Normal,111060.0
2780,2006,Abnorml,91692.0
2781,2006,Normal,89088.0
2782,2006,Normal,89548.0
2783,2006,Normal,86592.0
2784,2006,Normal,119572.0
2785,2006,Normal,131780.0
2786,2006,Normal,60576.0
2787,2006,Normal,124972.0
2788,2006,Normal,52828.0
2789,2006,Normal,168220.0
2790,2006,Normal,79152.0
2791,2006,Normal,90264.0
2792,2006,Normal,65872.0
2793,2006,Normal,120684.0
2794,2006,Abnorml,93476.0
2795,2006,Normal,127796.0
2796,2006,Normal,93900.0
2797,2006,Normal,219588.0
2798,2006,Abnorml,78980.0
2799,2006,Normal,127184.0
2800,2006,Abnorml,73360.0
2801,2006,Family,121008.0
2802,2006,Normal,132540.0
2803,2006,Normal,171492.0
2804,2006,Normal,146132.0
2805,2006,Normal,110036.0
2806,2006,Normal,70436.0
2807,2006,Normal,171588.0
2808,2006,Normal,151940.0
2809,2006,Normal,118396.0
2810,2006,Abnorml,132060.0
2811,2006,Normal,158228.0
2812,2006,Normal,170324.0
2813,2006,Normal,146692.0
2814,2006,Normal,147956.0
2815,2006,Normal,102404.0
2816,2006,Normal,168036.0
2817,2006,Normal,118884.0
2818,2006,Normal,125204.0
2819,2006,Normal,166500.0
2820,2006,Normal,141068.0
2821,2006,Family,117204.0
2822,2006,Normal,180524.0
2823,2006,Normal,298020.0
2824,2006,Normal,167692.0
2825,2006,Normal,163364.0
2826,2006,Normal,132116.0
2827,2006,Normal,140068.0
2828,2006,Abnorml,248076.0
2829,2006,Normal,198004.0
2830,2006,Partial,207412.0
2831,2006,Abnorml,188972.0
2832,2006,Partial,234884.0
2833,2006,Partial,294092.0
2834,2006,Partial,222292.0
2835,2006,Normal,226332.0
2836,2006,Normal,192844.0
2837,2006,Abnorml,160372.0
2838,2006,Normal,152836.0
2839,2006,Normal,175780.0
2840,2006,Normal,200052.0
2841,2006,Normal,201460.0
2842,2006,Normal,223676.0
2843,2006,Normal,155700.0
2844,2006,Normal,170644.0
2845,2006,Normal,135308.0
2846,2006,Normal,200660.0
2847,2006,Normal,201444.0
2848,2006,Normal,218676.0
2849,2006,Normal,203700.0
2850,2006,Normal,261164.0
2851,2006,Normal,222132.0
2852,2006,Normal,231100.0
2853,2006,Normal,232204.0
2854,2006,Normal,138220.0
2855,2006,Normal,207156.0
2856,2006,Partial,197644.0
2857,2006,Normal,189316.0
2858,2006,Partial,208100.0
2859,2006,Normal,75508.0
2860,2006,AdjLand,134916.0
2861,2006,Abnorml,138996.0
2862,2006,Normal,178164.0
2863,2006,Normal,135896.0
2864,2006,Normal,237380.0
2865,2006,Partial,135060.0
2866,2006,Normal,128476.0
2867,2006,Normal,89036.0
2868,2006,AdjLand,86328.0
2869,2006,AdjLand,106044.0
2870,2006,Abnorml,124044.0
2871,2006,Abnorml,93216.0
2872,2006,Normal,22556.0
2873,2006,Normal,86436.0
2874,2006,Normal,134828.0
2875,2006,Abnorml,118292.0
2876,2006,Normal,161604.0
2877,2006,Normal,137644.0
2878,2006,Abnorml,182488.0
2879,2006,Normal,117380.0
2880,2006,Normal,97156.0
2881,2006,Normal,145084.0
2882,2006,Normal,195460.0
2883,2006,Normal,214940.0
2884,2006,Normal,214508.0
2885,2006,Normal,194940.0
2886,2006,Normal,248164.0
2887,2006,AdjLand,120912.0
2888,2006,Normal,135788.0
2889,2006,Normal,43596.0
2890,2006,Normal,74048.0
2891,2006,Normal,140324.0
2892,2006,Abnorml,55000.0
2893,2006,Abnorml,93292.0
2894,2006,Normal,14424.0
2895,2006,Partial,310668.0
2896,2006,Normal,274620.0
2897,2006,Normal,204196.0
2898,2006,Normal,143972.0
2899,2006,Normal,208900.0
2900,2006,Normal,146004.0
2901,2006,Alloca,184436.0
2902,2006,Normal,198916.0
2903,2006,Partial,294964.0
2904,2006,Partial,347500.0
2905,2006,Normal,86440.0
2906,2006,Normal,200100.0
2907,2006,Normal,111668.0
2908,2006,Normal,121604.0
2909,2006,Normal,133604.0
2910,2006,Normal,60340.0
2911,2006,Normal,68132.0
2912,2006,Normal,145172.0
2913,2006,Abnorml,73268.0
2914,2006,Normal,55036.0
2915,2006,Normal,71988.0
2916,2006,Abnorml,79972.0
2917,2006,Abnorml,180476.0
2918,2006,Normal,111540.0
2919,2006,Normal,213876.0
